Name,Url
AARP,https://www.aarp.org/bulletin/
Abridge News,https://abridgenews.com/trending
AllSides,https://www.allsides.com/unbiased-balanced-news
AP,https://apnews.com/
Association for Psychological Science,https://www.psychologicalscience.org/news
Axios,https://www.axios.com/
AZ Central,https://www.azcentral.com/
Ballotpedia,https://ballotpedia.org/Main_Page
Barnstable Patriot,https://www.barnstablepatriot.com/
BBC News,https://www.bbc.com/
Better Angels,https://www.better-angels.org/
Better Government Association,https://www.bettergov.org
Bloomberg,https://www.bloomberg.com/
Bridgemi.com,https://www.bridgemi.com/
Brookings Institution,https://www.brookings.edu/
Business Insider,https://www.businessinsider.com/
C-SPAN,https://www.c-span.org/
CalMatters,https://calmatters.org/
CalWatchdog,https://calwatchdog.com/
Carnegie Endowment for International Peace,https://carnegieendowment.org/
Chicago Booth Initiative on Global Markets,https://news.chicagobooth.edu/
Chicago Tribune,https://www.chicagotribune.com/
Christian Science Monitor,https://www.csmonitor.com/
CivilPolitics.org,http://www.civilpolitics.org/
CNBC,https://www.cnbc.com/
CNET,https://www.cnet.com/
Concord Monitor,https://www.concordmonitor.com/
The Atlantic,https://www.theatlantic.com
Cook Report,https://cookpolitical.com/
Countable,https://www.countable.us/
Counterpointing,https://www.counterpointresearch.com/
VOX,https://www.vox.com/
CU Independent,https://cuindependent.com/
Daily Cardinal,https://www.dailycardinal.com/
Daily Progress,https://www.dailyprogress.com/
Washington Post,https://www.washingtonpost.com/
Defense One,https://www.defenseone.com/
Des Moines Register,https://www.desmoinesregister.com/
Detroit News,https://www.detroitnews.com/
Diplomatic Courier,https://www.diplomaticourier.com/
Duke Chronicle,https://www.dukechronicle.com/
Estes Park Trail Gazette,https://www.eptrail.com/
Eurek Alert,https://www.eurekalert.org/
Face the Facts USA,http://www.facethefactsusa.org/
Fact Checker Blog,https://www.factchecker.in/
FactCheck.org,https://www.factcheck.org/
Financial Times,https://www.ft.com/
